{
  "cases": [
    {
      "type": "신축분양",
      "name": "수도권 공동주택 표준 사례",
      "preset": "수도권아파트",
      "inputs": {
        "mode": "신축분양",
        "revenue": {
          "units": [
            {
              "name": "주거",
              "count": 331,
              "supply_m2": 84.9,
              "price_per_m2": 7372530.276469885
            }
          ],
          "sell_through": 0.95,
          "other_income": 0
        },
        "cost": {
          "land": {
            "purchase": 38000000000.0,
            "acq_tax_rate": 0.046,
            "misc_rate": 0.01
          },
          "construction": {
            "gfa_m2": 37500.0,
            "unit_cost_per_m2": 2181630.0818111277
          },
          "indirect_rate": 0.06,
          "marketing_rate": 0.035,
          "contingency_rate": 0.01
        },
        "finance": {
          "equity": 35000000000.0,
          "bridge": {
            "amount": 60000000000.0,
            "rate": 0.0825,
            "months": 12
          },
          "pf": {
            "amount": 200000000000.0,
            "rate": 0.0625,
            "months": 29,
            "drawdown": 0.55
          },
          "fee_rate": 0.015
        },
        "schedule": {
          "months_total": 36
        }
      },
      "result": {
        "revenue_total": 196823003147.5126,
        "cost": {
          "land": 40128000000.0,
          "construction": 81811128067.91728,
          "indirect": 4908667684.075037,
          "marketing": 6888805110.162942,
          "finance": 25464583333.333336,
          "contingency": 1268477957.5199232
        },
        "cost_total": 160469662153.0085,
        "profit": 36353340994.50409,
        "margin_on_revenue": 0.18470067224438402,
        "margin_on_cost": 0.2265433883685816,
        "roe": 1.0386668855572596,
        "cashflow_quarterly": [
          -30588984949.8355,
          1941647128.670515,
          1941647128.670515,
          1941647128.670515,
          1941647128.670515,
          1941647128.670515,
          1941647128.670515,
          1941647128.670515,
          1941647128.670515,
          1941647128.670515,
          1941647128.670515,
          47525854657.63443
        ],
        "npv": 25364942714.381165,
        "irr_annual": 0.4178637077404228,
        "proportion_rate": null,
        "rights_value": null,
        "member_contribution": null
      },
      "notes": [
        "분양가: 경기 HUG 최근 3개월 평균 ㎡당가 → 평당 2437만원 (주택도시보증공사 민간아파트 분양가)",
        "토지비 380억(대지 15,000㎡, 3종일반주거 가정) — ㎡당 약 253만원",
        "용적률·세대수는 용도지역 모듈(서울 조례 대표값)로 산정, 분양률 95% 가정",
        "공사비: 지역 기준단가(2025 정비사업 평균 실측: 서울 890·수도권 721·지방 682만원/평 역산) × CCI 보정(1.076) = 평당 721만원",
        "금융: ECOS 최신 기준금리 기준 — 브릿지 8.25%(+5.5%p), PF 6.25%(+3.5%p) 가정",
        "취득세 4.6%·기타 1.0%·간접비·판매비·예비비는 실무 표준 요율 가정"
      ]
    },
    {
      "type": "신축분양",
      "name": "지방 광역시 공동주택 표준 사례(부산)",
      "preset": "지방아파트",
      "inputs": {
        "mode": "신축분양",
        "revenue": {
          "units": [
            {
              "name": "주거",
              "count": 397,
              "supply_m2": 84.9,
              "price_per_m2": 8022905.300858948
            }
          ],
          "sell_through": 0.9,
          "other_income": 0
        },
        "cost": {
          "land": {
            "purchase": 48000000000.0,
            "acq_tax_rate": 0.046,
            "misc_rate": 0.01
          },
          "construction": {
            "gfa_m2": 45000.0,
            "unit_cost_per_m2": 2064260.0774097529
          },
          "indirect_rate": 0.06,
          "marketing_rate": 0.04,
          "contingency_rate": 0.01
        },
        "finance": {
          "equity": 30000000000.0,
          "bridge": {
            "amount": 50000000000.0,
            "rate": 0.0825,
            "months": 12
          },
          "pf": {
            "amount": 180000000000.0,
            "rate": 0.0625,
            "months": 27,
            "drawdown": 0.55
          },
          "fee_rate": 0.015
        },
        "schedule": {
          "months_total": 34
        }
      },
      "result": {
        "revenue_total": 243372987033.33704,
        "cost": {
          "land": 50688000000.0,
          "construction": 92891703483.43887,
          "indirect": 5573502209.006332,
          "marketing": 9734919481.33348,
          "finance": 21496875000.0,
          "contingency": 1491532056.9244518
        },
        "cost_total": 181876532230.70312,
        "profit": 61496454802.63391,
        "margin_on_revenue": 0.25268397923804986,
        "margin_on_cost": 0.33812198884806155,
        "roe": 2.0498818267544636,
        "cashflow_quarterly": [
          -37445327640.580444,
          3897149657.339411,
          3897149657.339411,
          3897149657.339411,
          3897149657.339411,
          3897149657.339411,
          3897149657.339411,
          3897149657.339411,
          3897149657.339411,
          3897149657.339411,
          3897149657.339411,
          59970285869.82027
        ],
        "npv": 46197588910.21733,
        "irr_annual": 0.6145378644480555,
        "proportion_rate": null,
        "rights_value": null,
        "member_contribution": null
      },
      "notes": [
        "분양가: 부산 HUG 최근 3개월 평균 ㎡당가 → 평당 2652만원 (주택도시보증공사 민간아파트 분양가)",
        "토지비 480억(대지 18,000㎡) — 수도권 대비 낮은 지가 가정, 분양률 90%(지방 흡수율 보수적)",
        "공사비: 지역 기준단가(2025 정비사업 평균 실측: 서울 890·수도권 721·지방 682만원/평 역산) × CCI 보정(1.076) = 평당 682만원",
        "금융: ECOS 최신 기준금리 기준 — 브릿지 8.25%(+5.5%p), PF 6.25%(+3.5%p) 가정",
        "취득세 4.6%·기타 1.0%·간접비·판매비·예비비는 실무 표준 요율 가정"
      ]
    },
    {
      "type": "신축분양",
      "name": "오피스텔 표준 사례(서울, 근생 혼합)",
      "preset": "오피스텔",
      "inputs": {
        "mode": "신축분양",
        "revenue": {
          "units": [
            {
              "name": "주거",
              "count": 163,
              "supply_m2": 44.0,
              "price_per_m2": 16512265.61920996
            },
            {
              "name": "근생",
              "count": 1,
              "supply_m2": 1440.0,
              "price_per_m2": 18989105.462091453
            }
          ],
          "sell_through": 0.92,
          "other_income": 0
        },
        "cost": {
          "land": {
            "purchase": 70000000000.0,
            "acq_tax_rate": 0.046,
            "misc_rate": 0.01
          },
          "construction": {
            "gfa_m2": 12000.0,
            "unit_cost_per_m2": 2692855.1009820662
          },
          "indirect_rate": 0.065,
          "marketing_rate": 0.04,
          "contingency_rate": 0.01
        },
        "finance": {
          "equity": 35000000000.0,
          "bridge": {
            "amount": 50000000000.0,
            "rate": 0.0825,
            "months": 12
          },
          "pf": {
            "amount": 90000000000.0,
            "rate": 0.0625,
            "months": 24,
            "drawdown": 0.6
          },
          "fee_rate": 0.015
        },
        "schedule": {
          "months_total": 30
        }
      },
      "result": {
        "revenue_total": 134108658415.47469,
        "cost": {
          "land": 73920000000.0,
          "construction": 32314261211.784794,
          "indirect": 2100426978.7660117,
          "marketing": 5364346336.618987,
          "finance": 12975000000.0,
          "contingency": 1083346881.905508
        },
        "cost_total": 127757381409.0753,
        "profit": 6351277006.399384,
        "margin_on_revenue": 0.04735918680748293,
        "margin_on_cost": 0.049713581605612164,
        "roe": 0.18146505732569668,
        "cashflow_quarterly": [
          -65892872299.36006,
          4808519898.668546,
          4808519898.668546,
          4808519898.668546,
          4808519898.668546,
          4808519898.668546,
          4808519898.668546,
          4808519898.668546,
          4808519898.668546,
          33775990116.411076
        ],
        "npv": -2175285135.0335894,
        "irr_annual": 0.057820711217780874,